{
"time" : [0, 0.103448, 0.206897, 0.310345, 0.413793, 0.517241, 0.62069, 0.724138, 0.827586, 0.931035, 1.03448, 1.13793, 1.24138, 1.34483, 1.44828, 1.55172, 1.65517, 1.75862, 1.86207, 1.96552, 2.06897, 2.17241, 2.27586, 2.37931, 2.48276, 2.58621, 2.68966, 2.7931, 2.89655, 3], 
"position" : [[0, 0, 0, 0.5, 0, 0, 0.5, 0, 0], [0, 0, 0, 0.5, 0, 0, 0.5, 0, 0], [0, 0, 0, 0.5, 0, 0, 0.5, 0, 0], [0, 0, 0, 0.5, 0, 0, 0.5, 0, 0], [0, 0, 0, 0.5, 0, 0, 0.5, 0, 0], [0, 0, 0, 0.5, 0, 0, 0.5, 0, 0], [0, 0, 0, 0.5, 0, 0, 0.5, 0, 0], [0, 0, 0, 0.5, 0, 0, 0.5, 0, 0], [0, 0, 0, 0.5, 0, 0, 0.5, 0, 0], [0, 0, 0, 0.5, 0, 0, 0.5, 0, 0], [0, 0, 0, 0.5, 0, 0, 0.5, 0, 0], [0, 0, 0, 0.5, 0, 0, 0.5, 0, 0], [0, 0, 0, 0.5, 0, 0, 0.5, 0, 0], [0, 0, 0, 0.5, 0, 0, 0.5, 0, 0], [0, 0, 0, 0.5, 0, 0, 0.5, 0, 0], [0, 0, 0, 0.5, 0, 0, 0.5, 0, 0], [0, 0, 0, 0.5, 0, 0, 0.5, 0, 0], [0, 0, 0, 0.5, 0, 0, 0.5, 0, 0], [0, 0, 0, 0.5, 0, 0, 0.5, 0, 0], [0, 0, 0, 0.5, 0, 0, 0.5, 0, 0], [0, 0, 0, 0.5, 0, 0, 0.5, 0, 0], [0, 0, 0, 0.5, 0, 0, 0.5, 0, 0], [0, 0, 0, 0.5, 0, 0, 0.5, 0, 0], [0, 0, 0, 0.5, 0, 0, 0.5, 0, 0], [0, 0, 0, 0.5, 0, 0, 0.5, 0, 0], [0, 0, 0, 0.5, 0, 0, 0.5, 0, 0], [0, 0, 0, 0.5, 0, 0, 0.5, 0, 0], [0, 0, 0, 0.5, 0, 0, 0.5, 0, 0], [0, 0, 0, 0.5, 0, 0, 0.5, 0, 0], [0, 0, 0, 0.5, 0, 0, 0.5, 0, 0]], 
"rotation" : [[0, 0, 0, 1, 0, 0, 0, 1, 0, 0, 0, 1], [0, 0, 0, 1, 0, 0, 0.0649198, 0.99789, 0, 0, 0, 1], [0, 0, 0, 1, 0, 0, 0.129566, 0.991571, 0, 0, 0, 1], [0, 0, 0, 1, 0, 0, 0.193665, 0.981068, 0, 0, 0, 1], [0, 0, 0, 1, 0, 0, 0.256947, 0.966426, 0, 0, 0, 1], [0, 0, 0, 1, 0, 0, 0.319145, 0.947706, 0, 0, 0, 1], [0, 0, 0, 1, 0, 0, 0.379997, 0.924988, 0, 0, 0, 1], [0, 0, 0, 1, 0, 0, 0.439245, 0.898367, 0, 0, 0, 1], [0, 0, 0, 1, 0, 0, 0.496641, 0.867956, 0, 0, 0, 1], [0, 0, 0, 1, 0, 0, 0.551941, 0.833883, 0, 0, 0, 1], [0, 0, 0, 1, 0, 0, 0.5919, 0.806012, 0, 0, 0, 1], [0, 0, 0, 1, 0, 0, 0.604912, 0.796292, 0, 0, 0, 1], [0, 0, 0, 1, 0, 0, 0.617764, 0.786363, 0, 0, 0, 1], [0, 0, 0, 1, 0, 0, 0.630454, 0.776227, 0, 0, 0, 1], [0, 0, 0, 1, 0, 0, 0.642977, 0.765885, 0, 0, 0, 1], [0, 0, 0, 1, 0, 0, 0.655331, 0.755342, 0, 0, 0, 1], [0, 0, 0, 1, 0, 0, 0.667512, 0.744599, 0, 0, 0, 1], [0, 0, 0, 1, 0, 0, 0.679517, 0.73366, 0, 0, 0, 1], [0, 0, 0, 1, 0, 0, 0.691342, 0.722528, 0, 0, 0, 1], [0, 0, 0, 1, 0, 0, 0.702985, 0.711204, 0, 0, 0, 1], [0, 0, 0, 1, 0, 0, 0.667512, 0.744599, 0, 0, 0, 1], [0, 0, 0, 1, 0, 0, 0.604912, 0.796292, 0, 0, 0, 1], [0, 0, 0, 1, 0, 0, 0.538325, 0.842737, 0, 0, 0, 1], [0, 0, 0, 1, 0, 0, 0.46819, 0.883628, 0, 0, 0, 1], [0, 0, 0, 1, 0, 0, 0.394969, 0.918694, 0, 0, 0, 1], [0, 0, 0, 1, 0, 0, 0.319145, 0.947706, 0, 0, 0, 1], [0, 0, 0, 1, 0, 0, 0.241218, 0.970471, 0, 0, 0, 1], [0, 0, 0, 1, 0, 0, 0.161701, 0.98684, 0, 0, 0, 1], [0, 0, 0, 1, 0, 0, 0.0811176, 0.996705, 0, 0, 0, 1], [0, 0, 0, 1, 0, 0, 0, 1, 0, 0, 0, 1]] 
}
